method,r2_score_mean,pearson_r_mean,root_mean_squared_error_mean,mape_mean,wasserstein_dist_mean,kl_divergence_mean,cosine_similarity_mean,r2_score_std,pearson_r_std,root_mean_squared_error_std,mape_std,wasserstein_dist_std,kl_divergence_std,cosine_similarity_std
bayes,-1.5887973409406555,0.49033269502394594,0.10340154034544409,157.50218602528446,0.017951253920598265,0.41677368623928485,0.6488560363608199,1.937767453377527,0.36179079758935917,0.07437324096707298,134.13295572986183,0.006640223991234722,0.16673151475613293,0.22698753240133662
bunki,0.7256188590227195,0.8693441772972141,0.04261477265714903,432.15589588568764,0.018454304094710928,0.2940880231045069,0.9063706331199012,0.12008572547792527,0.07122000560508011,0.02324542547796575,558.9738765430905,0.00843715789193846,0.151772338802299,0.047756002524412124
cgls,0.9279709175894587,0.9636351711943459,0.017219899703406562,190.84182798005364,0.0070726416112809375,0.1470899335309304,0.9790513238259475,0.06861791318922725,0.03661906114281969,0.00640611992426005,196.26558451488123,0.0019585602609594154,0.07857209938000007,0.013691997797687082
cvxpy,0.9865816129059638,0.9932528497333187,0.005146734270618587,25.021102974099506,0.001854006036662451,0.07276715785872047,0.996690923044191,0.018330575975385364,0.009225446733606606,0.0017572022320542517,11.399391031211552,0.0007583726944374301,0.07580423489539745,0.0040206291730048044
doroshenko,0.43471574403152596,0.7526456553590594,0.05798378638871294,164.93292748625893,0.006299906897390516,2.6004504834046926,0.8204717446502174,0.4023993741762737,0.17028386048261496,0.03957438029968766,184.94680643503554,0.001436945647546409,1.2948822760839307,0.14105250768549
fista,-116.56061334465632,-0.1213011568350646,0.6551607553873681,458.0536244279596,0.20351437669187833,16.947243462286355,0.08216161075245174,138.22520402080022,0.25549457859687325,0.21261597698448076,889.6445209332796,0.1274840210634475,14.018293852119234,0.109725042908809
gravel,0.6486971684949109,0.8328136327508925,0.04865856476356704,625.8404051139482,0.021531483414888586,0.3948834908443554,0.8679270229296976,0.1214067789533256,0.05402395455766899,0.023597851490978115,1031.9946141016617,0.012517608034225762,0.2329902388842612,0.05597951665977193
kaczmarz,0.4924316267329358,0.7833321778508787,0.05698005982717036,1004.2378154015622,0.03719881154977219,0.5689221145201834,0.8145769454169235,0.3299261590713208,0.1277101467303708,0.032518255164949314,1690.8253044337953,0.030368815371368367,0.5005900944445459,0.1345086438573214
lanczos,-0.32809174044328276,0.16460635055663123,0.10289225880468511,1348.2355818774456,0.029145442895951456,12.238380090546785,0.3693328968595464,0.43956695111260335,0.2706951490548394,0.05580291570986533,2790.2950763663866,0.015726335058353438,9.5701070707132,0.3047006160583068
landweber,0.7021858525811387,0.8526721378844523,0.04703928783484432,638.9987318979529,0.02177255138446922,0.37497868120677164,0.8837788543418185,0.09688037982070308,0.04860301023768804,0.026035184157109585,929.3080088947108,0.012115469541384078,0.23952582176657172,0.06046856144489795
maxed,-2.6158298644074716,0.5185056801865584,0.09991392629449468,75.20255295186519,0.017652446961659143,0.5134323524903419,0.6589786550924269,5.303325710411445,0.34630413794488885,0.03236915939712584,66.04874571952958,0.007995758588818406,0.2741019046669482,0.1921580672129835
mlem,-549.200543217241,0.486617075086953,1.39449103526613,567.9674242878948,0.26418406514131865,4.767854787812838,0.5367608863783041,701.8186014529463,0.3018379300709481,0.47439548351144445,100.04192937803482,0.04216545440317488,4.503651436802046,0.26287697108860175
osem,0.7295961349839352,0.8732985792822974,0.03971877056818897,539.6784774086442,0.018908687695731213,0.31762763343167544,0.9060539694873091,0.1588281618816372,0.07772786836539852,0.02367504152291945,879.5708639631358,0.011060375647620692,0.21426291571669775,0.05803776253927844
sandii,0.7262564160245942,0.873840823203668,0.040426473748880865,437.8981458935025,0.01882066469817655,0.3105650600383184,0.9129176175583823,0.14824432021888945,0.08578050139467654,0.02083733043496536,589.5750747701168,0.0073721135512732835,0.137106724758449,0.044770962256962886
sart,0.6228975093425576,0.8094231058912866,0.052877946550556804,879.8085380619623,0.026216107802354126,0.43882011336631294,0.8436789595268651,0.14634013001429988,0.08057830032906342,0.02984066845698676,1328.184890733921,0.014158641373277138,0.29304796518617593,0.09154905609073287
tikhonov_tv,0.48660744033693537,0.7568420563849031,0.058222268622825,444.1783224123139,0.032110731551101876,0.7640029250649497,0.829178091884034,0.3456774666354916,0.1816082606697716,0.03192886165769035,450.8044011693414,0.02044037747624546,0.46450251304184526,0.08843739612121274
tsvd,0.9140405324413083,0.9559584626988822,0.017320163147065113,190.40620887465616,0.007225533940553174,0.15281611267810044,0.9761215721725967,0.09055835820238196,0.04892255949410844,0.0032420868391614716,169.00190924480336,0.0018263678884191492,0.06193691614030537,0.018449985112918187
