method,params,spectrum,success,time_sec,error,r2_score,pearson_r,root_mean_squared_error,mape,wasserstein_dist,kl_divergence,cosine_similarity
mlem,{'max_iterations': 10},ISO_ref_Cf252,True,0.638477087020874,,-82.1364999331715,0.8025730257354464,0.9213917099861473,649.6244517877042,0.26653893864571754,0.2658450018725144,0.8219541674266274
mlem,{'max_iterations': 50},ISO_ref_Cf252,True,0.00015497207641601562,,-209.79072963510427,0.4699063515156367,1.4671488775545045,431.5124149147814,0.28036636421059896,3.0771482840056237,0.5007227538536403
mlem,{'max_iterations': 100},ISO_ref_Cf252,True,0.0001628398895263672,,-251.07477189185093,0.4125689067313354,1.6044017372722112,463.49622190196175,0.3026646327965194,7.100518974516065,0.44367874198014845
maxed,{'sigma_factor': 0.01},ISO_ref_Cf252,True,0.15788912773132324,,0.613522763432702,0.8414137783459792,0.06282180229475141,38.55110074764336,0.008264437985640305,0.2389555184193811,0.8603633026001375
maxed,{'sigma_factor': 0.05},ISO_ref_Cf252,True,0.17338895797729492,,-0.39993766594445,0.6238954844064983,0.11956464574598108,103.87307224133322,0.01590902677043048,0.3876475615466011,0.6650212104380878
maxed,{'sigma_factor': 0.1},ISO_ref_Cf252,True,0.16513895988464355,,-0.5814668866056012,0.6005918827584451,0.12708037379641057,241.2859373900539,0.018028615177596654,0.4300689680389591,0.6440304339418187
tsvd,{'k': 3},ISO_ref_Cf252,True,0.0004627704620361328,,0.978037839771866,0.9901904028255419,0.014975659602857247,415.4415960413383,0.007745970885128614,0.2089626852740464,0.9902592835449976
tsvd,{'k': 5},ISO_ref_Cf252,True,0.00026607513427734375,,0.978037839771866,0.9901904028255419,0.014975659602857247,415.4415960413383,0.007745970885128614,0.2089626852740464,0.9902592835449976
tsvd,{'k': 7},ISO_ref_Cf252,True,0.0002551078796386719,,0.978037839771866,0.9901904028255419,0.014975659602857247,415.4415960413383,0.007745970885128614,0.2089626852740464,0.9902592835449976
bayes,{'max_iterations': 100},ISO_ref_Cf252,True,0.0011668205261230469,,-3.4626894324390687,0.370824112537834,0.21347487325267264,355.92270713598595,0.02842263964159221,0.5987844876682488,0.427801300878353
bayes,{'max_iterations': 500},ISO_ref_Cf252,True,0.0015451908111572266,,-2.2591419122182996,0.4345811252506766,0.18243160029100336,300.24112407584545,0.024164992021958483,0.5276019678684121,0.48894057532657836
cvxpy,{'solver': 'ECOS'},ISO_ref_Cf252,True,0.1503598690032959,,0.9991605638005489,0.9995833362772804,0.0029278058818855103,37.77779637395525,0.0010669969498161202,0.05591474423534258,0.9996290631188144
cvxpy,{'solver': 'SCS'},ISO_ref_Cf252,True,0.012598037719726562,,0.9987019162163672,0.9993517444112165,0.0036408249142573994,41.32702532940272,0.001473950613913328,0.05557348599629398,0.9994249986258563
landweber,{'max_iterations': 10},ISO_ref_Cf252,True,0.00023603439331054688,,0.6531804171745937,0.8422242276282187,0.059511409698088526,2369.5765088539156,0.03244579405561079,0.5610754423566591,0.8419881296303334
landweber,{'max_iterations': 50},ISO_ref_Cf252,True,0.0005180835723876953,,0.8392569105612747,0.922871662049672,0.04051488287048787,1050.821944760141,0.015801458482099143,0.19681070596914085,0.9294499823103816
sart,{'max_iterations': 10},ISO_ref_Cf252,True,0.0002181529998779297,,0.5362133431898445,0.7695426696593142,0.06881887313264697,3374.256150731609,0.03904670573112066,0.737700386290386,0.7727463476554084
sart,{'max_iterations': 50},ISO_ref_Cf252,True,0.0004436969757080078,,0.8104039330116667,0.9084994651682151,0.04400105546536401,1417.7644069508026,0.018243032371530923,0.23447045096982605,0.9158531651085339
kaczmarz,{'max_iterations': 10},ISO_ref_Cf252,True,0.0033829212188720703,,0.1964504722799003,0.6742075777923169,0.09058468057445133,4366.163745258986,0.0746363078752288,1.2180695756405004,0.625031189729573
kaczmarz,{'max_iterations': 50},ISO_ref_Cf252,True,0.00014734268188476562,,0.8229232611545421,0.9146942245069943,0.04252351828340588,1088.9316491842676,0.020658473402681173,0.2700589081311478,0.9188323509655478
cgls,{'max_iterations': 10},ISO_ref_Cf252,True,0.00017523765563964844,,0.9808353982998801,0.9914366689219092,0.013989375609997528,431.1268993209582,0.007329476721600886,0.2100763243688337,0.9915130918965944
cgls,{'max_iterations': 50},ISO_ref_Cf252,True,0.00019097328186035156,,0.9849413029524139,0.9931144036325368,0.012400583762765288,450.2759860588558,0.00639779269632799,0.24137802045892862,0.9933196218144934
lanczos,{'max_iterations': 10},ISO_ref_Cf252,True,0.012665987014770508,,-1.011757879378639,-0.05109808419003185,0.1433297316086119,7040.232732825302,0.054702482726049446,24.09272358932581,0.18764336792583863
lanczos,{'max_iterations': 50},ISO_ref_Cf252,True,0.07653307914733887,,-0.24396672427602728,-0.06390000578119302,0.11270749924899157,159.4044613830881,0.0302500650693079,23.24284868430256,0.1370843108794551
tikhonov_tv,{'epsilon': 0.001},ISO_ref_Cf252,True,0.013939142227172852,,0.4264846462203109,0.7995596662245643,0.07652810451769095,1112.210773829407,0.05003362935890278,1.4360711378717188,0.7960929331517703
tikhonov_tv,{'epsilon': 0.01},ISO_ref_Cf252,True,0.010581016540527344,,0.8270372349854644,0.918454514864702,0.04202664696468752,919.543039355591,0.021499203462861143,0.6275518948032374,0.9223811397987451
gravel,{'max_iterations': 10},ISO_ref_Cf252,True,0.0040378570556640625,,0.622178523331886,0.8256344708549596,0.06211432251124228,2667.158250759773,0.034940730419050325,0.6760106376720391,0.8200812629970096
gravel,{'max_iterations': 50},ISO_ref_Cf252,True,0.00033092498779296875,,0.6614599015855658,0.8341205781943632,0.05879677290172699,723.8067137575556,0.011812509511887923,0.2742597690114578,0.8544687260788612
doroshenko,{'max_iterations': 10},ISO_ref_Cf252,True,0.0035490989685058594,,0.8308273921036349,0.9268590723102279,0.04156362848820764,77.00724472386376,0.005653877981220823,1.4911883830551003,0.9343270789056104
doroshenko,{'max_iterations': 50},ISO_ref_Cf252,True,0.00022411346435546875,,0.8926963121490669,0.955091129780426,0.03310211600001953,535.9103750418298,0.008459092346673795,1.2935410737862976,0.9595964323140309
bunki,{'max_iterations': 10},ISO_ref_Cf252,True,0.0005278587341308594,,0.8152411318294985,0.9456732007212229,0.04343612544282798,1422.9916824361794,0.021372470100740115,0.3201221252616178,0.9411732962382394
bunki,{'max_iterations': 50},ISO_ref_Cf252,True,0.0015609264373779297,,0.9097322600812922,0.9649682058566169,0.030360905259502302,784.4254432251897,0.012167513468939467,0.12367331400436751,0.9670062912822106
sandii,{'max_iterations': 10},ISO_ref_Cf252,True,0.0002491474151611328,,0.812689029065225,0.9443027213535338,0.043735091520139276,1487.0499318517054,0.02212987656518937,0.3412151225544627,0.9386486177755727
sandii,{'max_iterations': 50},ISO_ref_Cf252,True,0.0003619194030761719,,0.9354693161887359,0.9827194440943825,0.02567033674137031,804.0322576225142,0.011779979682785368,0.1440750425362815,0.9817363323538946
osem,{'max_iterations': 10},ISO_ref_Cf252,True,0.0002193450927734375,,0.7108824212665499,0.8832881736816247,0.05433575189993485,2282.4752149208653,0.028911486505891155,0.5286462071827903,0.876243740872228
osem,{'max_iterations': 50},ISO_ref_Cf252,True,0.0005228519439697266,,0.96630615688439,0.9885216447785765,0.018549136914366333,610.4052675984072,0.008523131881432206,0.08565046413509063,0.9885597576604725
fista,{'max_iterations': 10},ISO_ref_Cf252,True,0.0003299713134765625,,-75.69889935879235,-0.16459086627049915,0.8849994443848294,2272.748774839334,0.3316028437496829,26.423647039286788,0.0002101151848639165
fista,{'max_iterations': 50},ISO_ref_Cf252,True,0.0013189315795898438,,-24.357277214738424,0.12160239733320141,0.5088616729615354,75.29208908188986,0.07682913840254205,1.8095510180663,0.18465042122083644
mlem,{'max_iterations': 10},ISO_ref_Cf252_2,True,0.0001251697540283203,,-292.9638363065432,0.2520269061525446,0.5788683881666471,608.992365299606,0.18557375703522777,1.004501262534628,0.4287357563238258
mlem,{'max_iterations': 50},ISO_ref_Cf252_2,True,0.00014066696166992188,,-1523.5993635033863,0.08488950589252897,1.3182893615373643,699.3201347246436,0.22330271259723194,7.104523609194141,0.17854410578457292
mlem,{'max_iterations': 100},ISO_ref_Cf252_2,True,0.00015425682067871094,,-1999.9710669725043,0.08675789524521424,1.510265441540692,653.2998463102379,0.23031986409133748,13.995542496880784,0.16460284567038247
maxed,{'sigma_factor': 0.01},ISO_ref_Cf252_2,True,0.15662884712219238,,-0.9956013013701395,0.43911222488761104,0.047694661358455195,58.97368168015371,0.014912272383811827,0.5873046303822087,0.7280787316657115
maxed,{'sigma_factor': 0.05},ISO_ref_Cf252_2,True,0.15073299407958984,,-8.653643864870082,0.011737076461037395,0.10490073155280424,52.93523987289029,0.02644084946982791,0.8768417590288412,0.40659188825061177
maxed,{'sigma_factor': 0.1},ISO_ref_Cf252_2,True,0.08226180076599121,,-14.465645913312843,-0.09967943416105246,0.13277518392732338,54.138199184658944,0.03344534676591407,1.0194724077401187,0.3100543013530814
tsvd,{'k': 3},ISO_ref_Cf252_2,True,0.0007169246673583984,,0.7933701237207894,0.8907555594522052,0.01534721008557189,67.81381116458759,0.004905132970239556,0.07229684880391651,0.9516181787690122
tsvd,{'k': 5},ISO_ref_Cf252_2,True,0.00029587745666503906,,0.7933701237207894,0.8907555594522052,0.01534721008557189,67.81381116458759,0.004905132970239556,0.07229684880391651,0.9516181787690122
tsvd,{'k': 7},ISO_ref_Cf252_2,True,0.0002532005310058594,,0.7933701237207894,0.8907555594522052,0.01534721008557189,67.81381116458759,0.004905132970239556,0.07229684880391651,0.9516181787690122
bayes,{'max_iterations': 100},ISO_ref_Cf252_2,True,0.0006670951843261719,,-2.769025256972088,0.13747616332382673,0.06554618270225343,55.51129367152339,0.01458683012660831,0.4778653191132926,0.5524648359097579
bayes,{'max_iterations': 500},ISO_ref_Cf252_2,True,0.0006427764892578125,,-2.769025256972088,0.13747616332382673,0.06554618270225343,55.51129367152339,0.01458683012660831,0.4778653191132926,0.5524648359097579
cvxpy,{'solver': 'ECOS'},ISO_ref_Cf252_2,True,0.004229068756103516,,0.9625353395109799,0.9811503535117242,0.0065349727500246,16.722701347550245,0.002823819793750802,0.021659772643034862,0.9914307926465671
cvxpy,{'solver': 'SCS'},ISO_ref_Cf252_2,True,0.009836912155151367,,0.9633492238086312,0.9815606423012041,0.006463599945384846,16.496829697146957,0.0027793285200798388,0.018380790361742234,0.9916163408189077
landweber,{'max_iterations': 10},ISO_ref_Cf252_2,True,0.00020194053649902344,,0.6783102828589842,0.8376806631832124,0.019149236802471978,70.44827351688816,0.011953304533091215,0.16940410732321712,0.9236827683348413
landweber,{'max_iterations': 50},ISO_ref_Cf252_2,True,0.00034880638122558594,,0.7175360975939046,0.8486998743537351,0.017943797428051644,59.09309896406458,0.008209240688396931,0.12040787989886612,0.9332607740254983
sart,{'max_iterations': 10},ISO_ref_Cf252_2,True,0.00015687942504882812,,0.5141387588358044,0.7796801342763644,0.02353363470555712,83.98320442025191,0.017928260714535467,0.2805791036914869,0.8832365816632556
sart,{'max_iterations': 50},ISO_ref_Cf252_2,True,0.0005581378936767578,,0.7335454885350328,0.8689775131566798,0.017427874314787452,61.854269219441115,0.009171398431551726,0.15749324058234315,0.9371501843814819
kaczmarz,{'max_iterations': 10},ISO_ref_Cf252_2,True,0.00010204315185546875,,0.05114744794598236,0.5979186177550633,0.03288760482305788,117.48353858163563,0.017267595670555167,0.2937475850342032,0.8404689311956239
kaczmarz,{'max_iterations': 50},ISO_ref_Cf252_2,True,8.821487426757812e-05,,0.7192811638426513,0.8519249128581038,0.017888283027455324,64.21079344078518,0.009199783533859324,0.12583850132795305,0.9336652226994979
cgls,{'max_iterations': 10},ISO_ref_Cf252_2,True,0.00039076805114746094,,0.8390411099599951,0.9160141232115521,0.01354535415681117,37.22837893797133,0.005002499914356718,0.05477907719590317,0.9625243242478467
cgls,{'max_iterations': 50},ISO_ref_Cf252_2,True,0.0001819133758544922,,0.8425707209528795,0.917922417451236,0.013396015260600027,25.656048780482028,0.00505818700525602,0.054477259273481626,0.9633589749401691
lanczos,{'max_iterations': 10},ISO_ref_Cf252_2,True,0.010882139205932617,,0.3666091618493149,0.6232168448145734,0.0268700682086675,136.4895033866474,0.014614326724128705,0.2837945613899355,0.8488158492729677
lanczos,{'max_iterations': 50},ISO_ref_Cf252_2,True,0.06177401542663574,,-0.3534113808536221,0.35216203192066625,0.039277857700037395,98.34946461253354,0.010621430503975248,6.542868202601831,0.6586592958694673
tikhonov_tv,{'epsilon': 0.001},ISO_ref_Cf252_2,True,0.009026050567626953,,0.8048194433363698,0.8985918823012222,0.014915958159715376,76.23603442140252,0.007395890204380885,0.08646746855952528,0.9544037644746062
tikhonov_tv,{'epsilon': 0.01},ISO_ref_Cf252_2,True,0.009835958480834961,,-0.11805357244628767,0.4184150552764685,0.03569966880991089,112.78554223242546,0.013750549244036762,0.5130197213752757,0.7782170068690615
gravel,{'max_iterations': 10},ISO_ref_Cf252_2,True,0.00015401840209960938,,0.501246317788012,0.7861171643241414,0.02384382566624178,74.41229101600776,0.01791685798556318,0.2970445234202446,0.8804550736112744
gravel,{'max_iterations': 50},ISO_ref_Cf252_2,True,0.0003001689910888672,,0.6521273440975752,0.8185194876592161,0.019913290380248073,51.74999454809009,0.010127861448737823,0.19817254904947737,0.9174828755909149
doroshenko,{'max_iterations': 10},ISO_ref_Cf252_2,True,0.00011014938354492188,,-0.07737007265083418,0.597948836307812,0.03504413414193505,47.178614395880146,0.007525247772790831,2.2286979516806538,0.796245611519152
doroshenko,{'max_iterations': 50},ISO_ref_Cf252_2,True,0.00015592575073242188,,0.4189753423940641,0.7330785623837208,0.02573535491930639,70.03830782871906,0.004518751597211869,2.8988357470905775,0.8725577824576293
bunki,{'max_iterations': 10},ISO_ref_Cf252_2,True,0.0006320476531982422,,0.5830120687971772,0.78749292590205,0.0218019140430603,61.20939011277255,0.012905926793676178,0.23925292630347197,0.90092785159715
bunki,{'max_iterations': 50},ISO_ref_Cf252_2,True,0.0014920234680175781,,0.6671683555730585,0.8239665556152059,0.019478036964490568,59.69236981353483,0.00934990222445996,0.1853779733952345,0.9211218518337928
sandii,{'max_iterations': 10},ISO_ref_Cf252_2,True,0.0002262592315673828,,0.5680459589751808,0.7794199413785855,0.022189711253628862,59.68639529876787,0.013372551552777341,0.24503039332572746,0.8973409394297991
sandii,{'max_iterations': 50},ISO_ref_Cf252_2,True,0.00021505355834960938,,0.5680459589751808,0.7794199413785855,0.022189711253628862,59.68639529876787,0.013372551552777341,0.24503039332572746,0.8973409394297991
osem,{'max_iterations': 10},ISO_ref_Cf252_2,True,0.0003058910369873047,,0.5436894188996919,0.7890793209695579,0.022806736769397783,69.77513169062179,0.016334818978515346,0.2691422091813043,0.8905334922641858
osem,{'max_iterations': 50},ISO_ref_Cf252_2,True,0.0005199909210205078,,0.6612015892962013,0.8211194724849744,0.019651855518430673,50.844374953101955,0.009664180255505923,0.18651473377031672,0.9196117013050042
fista,{'max_iterations': 10},ISO_ref_Cf252_2,True,0.00030732154846191406,,-382.04043056334905,-0.496813833121391,0.6607774121765968,100.0,0.2664226184373748,33.774194137465265,2.4408010243814785e-19
fista,{'max_iterations': 50},ISO_ref_Cf252_2,True,0.0008790493011474609,,-147.0910752642168,-0.25483996886707516,0.41086327495796704,150.66450426281168,0.11490939306912024,10.5780386609281,0.0560603842625057
mlem,{'max_iterations': 10},ISO_ref_AmBe,True,9.894371032714844e-05,,-78.28720596188548,0.8918100955908566,1.1258442065818166,628.608051594992,0.2825619619388482,0.2222638019926906,0.8993922409787596
mlem,{'max_iterations': 50},ISO_ref_AmBe,True,0.00011324882507324219,,-236.84255998222892,0.7043552231052328,1.9499412461010277,462.77440962758715,0.2960598479763838,3.060592324245804,0.7114704133174661
mlem,{'max_iterations': 100},ISO_ref_AmBe,True,0.0001461505889892578,,-268.13885476849464,0.6746657658137812,2.074268348654759,514.0789224295393,0.3102685069800028,7.079757335073289,0.681746952069314
maxed,{'sigma_factor': 0.01},ISO_ref_AmBe,True,0.17218995094299316,,0.73228488197698,0.887965128409706,0.06542039903647583,26.49493918484742,0.00871101282008165,0.21495133792826882,0.8975756082832506
maxed,{'sigma_factor': 0.05},ISO_ref_AmBe,True,0.15189695358276367,,0.20690435327364498,0.7186751287248756,0.11260029374279583,37.3741786692468,0.015214083780812127,0.3725757771035879,0.7435849949269283
maxed,{'sigma_factor': 0.1},ISO_ref_AmBe,True,0.14955782890319824,,0.0011148537525433877,0.6428398518459253,0.12636724519545453,63.196627595959,0.017946377500817248,0.4930732122251098,0.6755074243722146
tsvd,{'k': 3},ISO_ref_AmBe,True,0.0005702972412109375,,0.9707136338312699,0.9869294258188995,0.021637619752766204,87.9632194180426,0.009025497966291353,0.17718880395633838,0.9864872542037803
tsvd,{'k': 5},ISO_ref_AmBe,True,0.00035881996154785156,,0.9707136338312699,0.9869294258188995,0.021637619752766204,87.9632194180426,0.009025497966291353,0.17718880395633838,0.9864872542037803
tsvd,{'k': 7},ISO_ref_AmBe,True,0.0002779960632324219,,0.9707136338312699,0.9869294258188995,0.021637619752766204,87.9632194180426,0.009025497966291353,0.17718880395633838,0.9864872542037803
bayes,{'max_iterations': 100},ISO_ref_AmBe,True,0.0010690689086914062,,0.863548906478806,0.9308193028537557,0.04670520156224085,88.91334879841432,0.01297311580341114,0.2092625118362315,0.9357323350702359
bayes,{'max_iterations': 500},ISO_ref_AmBe,True,0.0010569095611572266,,0.863548906478806,0.9308193028537557,0.04670520156224085,88.91334879841432,0.01297311580341114,0.2092625118362315,0.9357323350702359
cvxpy,{'solver': 'ECOS'},ISO_ref_AmBe,True,0.003638029098510742,,0.9988803545472535,0.9994401665637148,0.004230746469973787,17.371513547422,0.001331831550417138,0.06239264818087565,0.9994856706141697
cvxpy,{'solver': 'SCS'},ISO_ref_AmBe,True,0.020580053329467773,,0.9968622795520017,0.9984308553347722,0.007082455662185378,20.43075154911986,0.0016481087919974781,0.22268150573503354,0.998558672440831
landweber,{'max_iterations': 10},ISO_ref_AmBe,True,0.00019693374633789062,,0.5580844283952404,0.7788844625541648,0.0840516789312643,147.75684846681892,0.03915921810911296,0.6758203165932924,0.7821010276333258
landweber,{'max_iterations': 50},ISO_ref_AmBe,True,0.0004973411560058594,,0.7667469789028348,0.8856719375377102,0.06106472127870157,136.29571682588903,0.023066292438504287,0.526353635099454,0.89219044411653
sart,{'max_iterations': 10},ISO_ref_AmBe,True,0.00015783309936523438,,0.4391444496634277,0.6853417552978219,0.09468959335780622,176.6653877356135,0.04658568819343205,0.8707486194505026,0.6979636971512239
sart,{'max_iterations': 50},ISO_ref_AmBe,True,0.0004100799560546875,,0.7039390828195693,0.844497097789324,0.06879664832717904,164.32780931405554,0.026321561371953933,0.35192887921333266,0.8551237812012867
kaczmarz,{'max_iterations': 10},ISO_ref_AmBe,True,8.296966552734375e-05,,0.37618022952884467,0.7641818512356697,0.09986339069665386,231.80038953000067,0.0770742525283131,1.2015147148362793,0.6684731447535085
kaczmarz,{'max_iterations': 50},ISO_ref_AmBe,True,7.486343383789062e-05,,0.7886071856456938,0.8970658829571245,0.0581328815579979,156.83677641369854,0.02435645628799559,0.3043034021510168,0.9009908331577896
cgls,{'max_iterations': 10},ISO_ref_AmBe,True,0.00013303756713867188,,0.9497233395403208,0.9763939881299484,0.02835044967749647,112.80043536398425,0.009622395363855517,0.14464011593208503,0.9771046758528051
cgls,{'max_iterations': 50},ISO_ref_AmBe,True,0.0001671314239501953,,0.9707136338312625,0.9869294258188936,0.021637619752768882,87.96321941807018,0.009025497966288492,0.17718880395635025,0.9864872542037767
lanczos,{'max_iterations': 10},ISO_ref_AmBe,True,0.010790824890136719,,-0.41746300065690045,0.034115501682245315,0.15053330826485337,295.0032788016002,0.034275439891796995,7.711182044153653,0.17343959121430522
lanczos,{'max_iterations': 50},ISO_ref_AmBe,True,0.06297779083251953,,-0.3085606193438224,0.09314181489352721,0.1446350877969489,359.93405025550203,0.03040891246045045,11.556863461506929,0.21035496599524436
tikhonov_tv,{'epsilon': 0.001},ISO_ref_AmBe,True,0.008806705474853516,,0.5640581393325682,0.7869956714606381,0.08348165056898463,215.59769799467915,0.044171424000149485,0.8923151730788248,0.7937406170858252
tikhonov_tv,{'epsilon': 0.01},ISO_ref_AmBe,True,0.009518146514892578,,0.41529875059318644,0.7190355481818236,0.09668158271596061,228.69684664037808,0.05581369303628019,1.0285921547011165,0.7302330899241962
gravel,{'max_iterations': 10},ISO_ref_AmBe,True,0.0001499652862548828,,0.588604062657821,0.7958195974536635,0.08109736431094496,141.04075885103143,0.039481979093748794,0.7074549094815049,0.7947870128375428
gravel,{'max_iterations': 50},ISO_ref_AmBe,True,0.0002837181091308594,,0.8665668615086057,0.936670498019011,0.046185812810998164,96.87442175123138,0.014908962030343479,0.21635855643140856,0.9402871864625825
doroshenko,{'max_iterations': 10},ISO_ref_AmBe,True,9.608268737792969e-05,,0.019321720955277177,0.5313385487511448,0.1252102891786005,117.0416080522478,0.005584167936694371,2.8159020015986216,0.5695417349317464
doroshenko,{'max_iterations': 50},ISO_ref_AmBe,True,0.00020694732666015625,,0.5238437692379472,0.7715577826210247,0.08724719560420854,142.42141487501317,0.006058303749751408,4.874537743216905,0.7905618277731354
bunki,{'max_iterations': 10},ISO_ref_AmBe,True,0.0004911422729492188,,0.645812556992827,0.8291988184138497,0.0752477156885231,120.8634349144447,0.0314542801013358,0.555803786117143,0.8342221880784246
bunki,{'max_iterations': 50},ISO_ref_AmBe,True,0.001463174819946289,,0.732746780862464,0.8647653572743396,0.06536393854448994,143.7530548120047,0.023475731879114038,0.3402980135452066,0.8737723196895893
sandii,{'max_iterations': 10},ISO_ref_AmBe,True,0.00022411346435546875,,0.6719743704037819,0.8462163297106245,0.07241534920622493,114.8740087814287,0.03087104760491849,0.546788980799545,0.8485906129334837
sandii,{'max_iterations': 50},ISO_ref_AmBe,True,0.000324249267578125,,0.8013138625394614,0.9109665613062959,0.05635864251829294,102.05988650783083,0.021397981230611374,0.34125042768816644,0.9138482634277446
osem,{'max_iterations': 10},ISO_ref_AmBe,True,0.00017523765563964844,,0.6255767212067801,0.8199259414436979,0.07736742836190807,132.0872255966386,0.0359001736712464,0.6318544186046028,0.81971852080185
osem,{'max_iterations': 50},ISO_ref_AmBe,True,0.0004856586456298828,,0.8699205023499981,0.937856922335353,0.04560171394509611,92.4836496922305,0.014118334881796243,0.20395776771594798,0.9416566040201139
fista,{'max_iterations': 10},ISO_ref_AmBe,True,0.0002949237823486328,,-53.427627830826964,-0.13803648472506808,0.9327955029773661,99.98148700388263,0.3511264346097621,27.362968615004753,0.00013109694610971044
fista,{'max_iterations': 50},ISO_ref_AmBe,True,0.0008630752563476562,,-16.74836983601435,0.2048718146404444,0.532667224865914,49.63489137983944,0.08019583188278775,1.7350613029669266,0.25191764690039464
